Workbook

Sheet Invoer AIA data
A1: Soort | B1: Middel-ID | C1: Specification | D1: Aanmaakdatum | E1: Wijzigingsdatum | F1: Samenvatting | G1: Afdeling | H1: Eigenaar afdeling | I1: Eigenaar cluster | J1: Eigenaar e-mail | K1: Eigenaar functie | L1: Eigenaar mobiel nummer | M1: Bevat bedrijfskritische informatie | N1: Eigenaar | O1: End of Life Business | P1: Functionele omschrijving | Q1: IB Bewaartermijn: | R1: IB Categorie | S1: IB Herkomst | T1: IB Procestermijn: | U1: IB Resultaat is: | V1: IB Waardering is: | W1: Roepnaam | X1: ICT Applicatienummer | Y1: ICT Applicatiesoort | Z1: ICT Beschikbaarheid | AA1: IB Bevat documenten | AB1: IB Bevat (meta) data | AC1: ICT BBN Classificatie | AD1: ICT Essentieel component | AE1: FB contactpersoon 1 | AF1: FB contactpersoon 2 | AG1: ICT Functionele fit | AH1: ICT Hostingspartij | AI1: ICT Integriteit | AJ1: ICT locatie BIO-toets | AK1: Fabrikant | AL1: Naam | AM1: ICT Rappeldatum | AN1: ICT Rappelreden | AO1: Software suite | AP1: ICT Technische fit | AQ1: ICT Vertrouwelijkheid | AR1: Opmerkingen | AS1: Personeelsnummer | AT1: Product soort | AU1: Status | AV1: Wie is de behandelaarsgroep | AW1: APM (Ouders) | AX1: gebruik (Kind-middelen) | AY1: Kind-middelen | AZ1: Ouders
A2: Application Inventory | B2: AIA-AangetekendMailen | D2: 45111.38 | E2: 46232.552 | F2: Aangetekend B.V. Aangetekend Mailen | G2: H10 IIFO (T) | H2: H10 Accounting | I2: H10 Bestuurs- en Concernondersteuning | J2: letter.achternaam@gemeente.nl | K2: Afdelingshoofd | M2: FALSE | N2: Achternaam, Voornaam | P2: Functionele omschrijving test123 | X2: 1234 | Y2: Webapplicatie | AA2: Ja | AB2: Ja | AD2: FALSE | AH2: Aangetekend B.V. | AK2: Aangetekend B.V. | AL2: Aangetekend Mailen | AR2: Opmerkingen 123 | AS2: 123456 | AU2: In voorraad

Sheet Onbeh Applicaties CMDB
A1: Software Suite | B1: Locatie BIOToets | C1: BNN Classificatie | D1: Referentie datum wijziging | E1: Rappelreden | F1: Rappeldatum | G1: Referentie element externe ID | H1: Hostingpartij | I1: Cloud | J1: Cluster | K1: Datum Interface | L1: Functionele Omschrijving | M1: Datum | N1: Bron | O1: Vendor⚡ | P1: Reputatie risico | Q1: Gebruikerstevredenheid | R1: Flexibiliteit | S1: Kwaliteit en betrouwbaarheid van leverancier | T1: Applicatienut | U1: Vertrouwelijkheid | V1: Integriteit | W1: Beschikbaarheid | X1: Applicatie Eigenaar (Persoon) | Y1: Applicatie Eigenaar (Functie) | Z1: Applicatie Eigenaar (Afdeling) | AA1: End-of-Life Functioneel | AB1: Applicatiesoort | AC1: Classificatie | AD1: Applicatie Status | AE1: Roepnaam | AF1: Applicatie Naam | AG1: Applicatie Code | AH1: APPID | AI1: Applicatiecomponent
A2: ='Invoer AIA data'!AO2 -> Geen | B2: ='Invoer AIA data'!AJ2 -> Ja | C2: =IF('Invoer AIA data'!AC2="","NB",'Invoer AIA data'!AC2) -> NB | D2: ='Invoer AIA data'!E2 -> 46232.552 | E2: ='Invoer AIA data'!AN2 -> Herbeoordeling | F2: =IF('Invoer AIA data'!AM2 = "",73050,'Invoer AIA data'!AM2) -> 73050 | G2: =B2 -> 1234 | H2: ='Invoer AIA data'!AH2 -> Aangetekend B.V. | I2: =IF('Invoer AIA data'!Y2="Saas","Ja","Nee") -> Nee | J2: =LEFT('Invoer AIA data'!G2,3) -> H10 | K2: =TODAY() -> 46296 | L2: Functionele omschrijving test123 | M2: ='Invoer AIA data'!D2 -> 45111.38 | N2: Topdesk | O2: ='Invoer AIA data'!AK2 -> Aangetekend B.V. | U2: =IF('Invoer AIA data'!AQ2 = "","Niet bekend",MID('Invoer AIA data'!AQ2,5,25)) -> Niet bekend | V2: =IF('Invoer AIA data'!AI2 = "","Niet bekend",MID('Invoer AIA data'!AI2,5,25)) -> Niet bekend | W2: =IF('Invoer AIA data'!Z2 = "","Niet bekend",MID('Invoer AIA data'!Z2,5,25)) -> Niet bekend | X2: Achternaam, Voornaam | Y2: ='Invoer AIA data'!K2 -> Afdelingshoofd | Z2: =IF('Invoer AIA data'!H2<>"",'Invoer AIA data'!H2,'Invoer AIA data'!G2) -> H10 Accounting | AA2: =IF('Invoer AIA data'!O2="",49675,'Invoer AIA data'!O2) -> 49675 | AB2: ='Invoer AIA data'!Y2 -> Webapplicatie | AD2: ='Invoer AIA data'!AU2 -> In voorraad | AE2: ='Invoer AIA data'!W2 -> Mailen | AF2: ='Invoer AIA data'!AL2 -> Aangetekend Mailen | AG2: ='Invoer AIA data'!B2 -> AIA-AangetekendMailen | AH2: =_xlfn.NUMBERVALUE('Invoer AIA data'!X2) -> 1234 | AI2: =RIGHT('Invoer AIA data'!B2,LEN('Invoer AIA data'!B2)-4) -> AangetekendMailen

Sheet Invoer APP data
A1: Soort | B1: Middel-ID | C1: Specification | D1: Aanmaakdatum | E1: Wijzigingsdatum | F1: Samenvatting | G1: Afdeling | H1: Eigenaar afdeling | I1: Eigenaar cluster | J1: Eigenaar e-mail | K1: Eigenaar functie | L1: Eigenaar mobiel nummer | M1: Behandelaarsgroep | N1: Bevat bedrijfskritische informatie | O1: Configuratie coördinator⚡ | P1: Documentatie | Q1: Eigenaar | R1: Einddatum | S1: End of Life Business | T1: Functionele omschrijving | U1: Groepseigenaar mail⚡ | V1: Groepseigenaar naam⚡ | W1: Groepseigenaar telefoon⚡ | X1: Groepsmail⚡ | Y1: Groepsnummer⚡ | Z1: ICT APM Contractnummer | AA1: Roepnaam | AB1: ICT Applicatienummer | AC1: ICT Applicatienut | AD1: ICT Applicatiesoort | AE1: ICT Audit logging | AF1: ICT Back-up frequentie | AG1: ICT Back-up restore test | AH1: ICT Beschikbaarheid | AI1: IB Bevat documenten | AJ1: IB Bevat (meta) data | AK1: ICT BBN Classificatie | AL1: ICT Cryptografie opslag | AM1: ICT Cryptografie PQC safe | AN1: ICT Cryptografie transport | AO1: ICT Essentieel component | AP1: FB contactpersoon 1 | AQ1: FB contactpersoon 2 | AR1: ICT Flexibiliteit | AS1: ICT Geautomatiseerd uitgeven | AT1: ICT gebruikers tevredenheid | AU1: ICT Hostingspartij | AV1: ICT Integriteit | AW1: ICT Kwaliteit en betrouwbaarheid leverancier | AX1: ICT locatie BIO-toets | AY1: ICT Logische naam | AZ1: ICT Malware bescherming applicatie | BA1: Fabrikant | BB1: Naam | BC1: ICT Rappeldatum | BD1: ICT Rappelreden | BE1: ICT Referentiecomponent | BF1: ICT Reputatie risico | BG1: ICT Saas versie beschikbaar? | BH1: ICT Standaard voor functiegebied | BI1: ICT TIME Classificatie | BJ1: ICT Vertrouwelijkheid | BK1: Leverancier | BL1: Opmerkingen | BM1: Personeelsnummer | BN1: Product soort | BO1: Publiceren op SARA | BP1: Status | BQ1: Toewijzingen - Vestigingen | BR1: Toewijzingen - Ruimtes | BS1: Toewijzingen - Ruimtes - Vestiging/Organisatie | BT1: Toewijzingen - Personen | BU1: Toewijzingen - Persoonsgroepen | BV1: APM (Kind-middelen) | BW1: afhankelijkheid (Kind-middelen) | BX1: afhankelijkheid (Ouders) | BY1: gebruik (Kind-middelen) | BZ1: gebruik (Ouders) | CA1: gedistribueerd (Ouders) | CB1: proces koppeling (Kind-middelen) | CC1: Kind-middelen | CD1: Ouders
A2: Applicatie | B2: APP-test123 | D2: 44636.478 | E2: 46266.646 | F2: 1 - Nodig In productie | G2: B10 Maatschappelijke Ontwikkeling | M2: ICT AB CD Test123 | N2: FALSE | O2: letter.achternaam@gemeente.nl | S2: 53359 | T2: Accomodatieplanning. | U2: letter.achternaam@gemeente.nl | V2: Achternaam, voornaam | W2: 612345678 | X2: groepsmail.test@gemeente.nl | Y2: 143211234 | AB2: 2 | AC2: Goed | AH2: 1 - Nodig | AI2: Onbekend | AJ2: Ja | AO2: FALSE | AR2: Voldoende flexibel | AS2: Nee | AT2: Zeer tevreden | AV2: 2 - Hoog | AW2: Preferent | BA2: Fabfrikant | BB2: naamtest123 | BE2: Functiegebied nader te bepalen | BF2: 4 Laag (nauwelijks merkbaar) | BJ2: 2 - Vertrouwelijk | BL2: Geen FBer bekend. Bij verlengingsaanvraag een mail naar persoon x sturen. | BO2: TRUE | BP2: In productie | BQ2: Gemeente | CD2: ABCD-1234-D-test123naam-2.0

Sheet Beheerde Applicaties CMDB
A1: Applicatie Nummer | B1: COTS | C1: Top5 | D1: Nickname | E1: End-of-support Technisch | F1: End-of-life Technisch | G1: Behandelgroep | H1: Locatie BIOToets | I1: BNN Classificatie | J1: Referentie datum wijziging | K1: Rappelreden | L1: Rappeldatum | M1: Referentie element externe ID | N1: Hostingpartij | O1: Cloud | P1: Cluster | Q1: Datum Interface | R1: Functionele Omschrijving | S1: Datum | T1: Bron | U1: Vendor⚡ | V1: Reputatie risico | W1: Gebruikerstevredenheid | X1: Flexibiliteit | Y1: Kwaliteit en betrouwbaarheid van leverancier | Z1: Applicatienut | AA1: Vertrouwelijkheid | AB1: Integriteit | AC1: Beschikbaarheid | AD1: Applicatie Eigenaar (Persoon) | AE1: Applicatie Eigenaar (Functie) | AF1: Applicatie Eigenaar (Afdeling) | AG1: End-of-Life Functioneel | AH1: Applicatiesoort | AI1: Classificatie | AJ1: Applicatie Status | AK1: Standaard | AL1: Roepnaam | AM1: Applicatie Naam | AN1: Applicatie Code | AO1: APPID | AP1: Applicatiecomponent
D2: NT123 | G2: ='Invoer APP data'!M2 -> ICT AB CD Test123 | H2: ='Invoer APP data'!AX2 -> Ja | I2: =IF('Invoer APP data'!AK2="","NB",'Invoer APP data'!AK2) -> BBN2 | J2: ='Invoer APP data'!E2 -> 46266.646 | K2: ='Invoer APP data'!BD2 -> Herbeoordeling | L2: =IF('Invoer APP data'!BC2 = "",73050,'Invoer APP data'!BC2) -> 73050 | M2: =B2 -> 2 | N2: ='Invoer APP data'!AU2 | O2: =IF('Invoer APP data'!AD2="Saas","Ja","Nee") -> Ja | P2: =LEFT('Invoer APP data'!G2,3) -> B10 | Q2: =TODAY() -> 46296 | R2: ='Invoer APP data'!T2 -> Accomodatieplanning. | S2: ='Invoer APP data'!D2 -> 44636.478 | T2: Topdesk | U2: ='Invoer APP data'!BA2 -> Fabfrikant | V2: =IF('Invoer APP data'!BF2 = "","Niet bekend",'Invoer APP data'!BF2) -> 4 Laag (nauwelijks merkbaar) | W2: =IF('Invoer APP data'!AT2 = "","Niet bekend",'Invoer APP data'!AT2) -> Zeer tevreden | X2: =IF('Invoer APP data'!AR2 = "","Niet bekend",'Invoer APP data'!AR2) -> Voldoende flexibel | Y2: =IF('Invoer APP data'!AW2 = "","Niet bekend",'Invoer APP data'!AW2) -> Preferent | Z2: =IF('Invoer APP data'!AC2 = "","Niet bekend",'Invoer APP data'!AC2) -> Goed | AA2: =IF('Invoer APP data'!BJ2 = "","Niet bekend",MID('Invoer APP data'!BJ2,5,25)) -> Vertrouwelijk | AB2: =IF('Invoer APP data'!AV2 = "","Niet bekend",MID('Invoer APP data'!AV2,5,25)) -> Hoog | AC2: =IF('Invoer APP data'!AH2 = "","Niet bekend",MID('Invoer APP data'!AH2,5,25)) -> Nodig | AD2: =IF('Invoer APP data'!Q2="",'Invoer APP data'!K2,'Invoer APP data'!Q2) -> Teamleider Applicatiebeheer | AE2: ='Invoer APP data'!K2 -> Teamleider Applicatiebeheer | AF2: =IF('Invoer APP data'!H2<>"",'Invoer APP data'!H2,'Invoer APP data'!G2) -> B10 Maatschappelijke Ontwikkeling | AG2: =IF('Invoer APP data'!S2=73050,49675,'Invoer APP data'!S2) -> 53359 | AH2: ='Invoer APP data'!AD2 -> Saas | AI2: =IF('Invoer APP data'!BI2="","Tolereren",'Invoer APP data'!BI2) -> Tolereren | AJ2: ='Invoer APP data'!BP2 -> In productie | AK2: =IF('Invoer APP data'!BH2="Ja","Ja","Nee") -> Nee | AL2: ='Invoer APP data'!AA2 -> Naamtest | AM2: ='Invoer APP data'!BB2 -> naamtest123 | AN2: ='Invoer APP data'!B2 -> APP-test123 | AO2: =_xlfn.NUMBERVALUE('Invoer APP data'!AB2) -> 2 | AP2: =RIGHT('Invoer APP data'!B2,LEN('Invoer APP data'!B2)-4) -> test123
N1057: ='Invoer APP data'!AN1057 -> 0 | AE1057: ='Invoer APP data'!K1057 -> 0
N1058: ='Invoer APP data'!AN1058 -> 0 | AE1058: ='Invoer APP data'!K1058 -> 0
N1059: ='Invoer APP data'!AN1059 -> 0 | AE1059: ='Invoer APP data'!K1059 -> 0
N1060: ='Invoer APP data'!AN1060 -> 0 | AE1060: ='Invoer APP data'!K1060 -> 0
N1061: ='Invoer APP data'!AN1061 -> 0 | AE1061: ='Invoer APP data'!K1061 -> 0
N1062: ='Invoer APP data'!AN1062 -> 0 | AE1062: ='Invoer APP data'!K1062 -> 0
N1063: ='Invoer APP data'!AN1063 -> 0 | AE1063: ='Invoer APP data'!K1063 -> 0
N1064: ='Invoer APP data'!AN1064 -> 0 | AE1064: ='Invoer APP data'!K1064 -> 0
N1065: ='Invoer APP data'!AN1065 -> 0 | AE1065: ='Invoer APP data'!K1065 -> 0
N1066: ='Invoer APP data'!AN1066 -> 0 | AE1066: ='Invoer APP data'!K1066 -> 0

Sheet Invoer gearchiveerde appl
A1: Soort | B1: Middel-ID | C1: Specification | D1: Aanmaakdatum | E1: Wijzigingsdatum | F1: Samenvatting | G1: Afdeling | H1: Eigenaar afdeling | I1: Eigenaar cluster | J1: Eigenaar e-mail | K1: Eigenaar functie | L1: Eigenaar mobiel nummer | M1: Behandelaarsgroep | N1: Bevat bedrijfskritische informatie | O1: Configuratie coördinator⚡ | P1: Documentatie | Q1: Eigenaar | R1: Einddatum | S1: End of Life Business | T1: Functionele omschrijving | U1: Groepseigenaar mail⚡ | V1: Groepseigenaar naam⚡ | W1: Groepseigenaar telefoon⚡ | X1: Groepsmail⚡ | Y1: Groepsnummer⚡ | Z1: ICT APM Contractnummer | AA1: Roepnaam | AB1: ICT Applicatienummer | AC1: ICT Applicatienut | AD1: ICT Applicatiesoort | AE1: ICT Audit logging | AF1: ICT Back-up frequentie | AG1: ICT Back-up restore test | AH1: ICT Beschikbaarheid | AI1: IB Bevat documenten | AJ1: IB Bevat (meta) data | AK1: ICT BBN Classificatie | AL1: ICT Cryptografie opslag | AM1: ICT Cryptografie PQC safe | AN1: ICT Cryptografie transport | AO1: ICT Essentieel component | AP1: FB contactpersoon 1 | AQ1: FB contactpersoon 2 | AR1: ICT Flexibiliteit | AS1: ICT Geautomatiseerd uitgeven | AT1: ICT gebruikers tevredenheid | AU1: ICT Hostingspartij | AV1: ICT Integriteit | AW1: ICT Kwaliteit en betrouwbaarheid leverancier | AX1: ICT locatie BIO-toets | AY1: ICT Logische naam | AZ1: ICT Malware bescherming applicatie | BA1: Fabrikant | BB1: Naam | BC1: ICT Rappeldatum | BD1: ICT Rappelreden | BE1: ICT Referentiecomponent | BF1: ICT Reputatie risico | BG1: ICT Saas versie beschikbaar? | BH1: ICT Standaard voor functiegebied | BI1: ICT TIME Classificatie | BJ1: ICT Vertrouwelijkheid | BK1: Leverancier | BL1: Opmerkingen | BM1: Personeelsnummer | BN1: Product soort | BO1: Publiceren op SARA | BP1: Status | BQ1: IB Bewaartermijn: | BR1: IB Categorie | BS1: IB Herkomst | BT1: IB Procestermijn: | BU1: IB Resultaat is: | BV1: IB Waardering is: | BW1: ICT Functionele fit | BX1: Software suite | BY1: ICT Technische fit | BZ1: Wie is de behandelaarsgroep | CA1: Toewijzingen - Vestigingen | CB1: Toewijzingen - Ruimtes | CC1: Toewijzingen - Ruimtes - Vestiging/Organisatie | CD1: Toewijzingen - Personen | CE1: Toewijzingen - Persoonsgroepen | CF1: APM (Kind-middelen) | CG1: afhankelijkheid (Kind-middelen) | CH1: afhankelijkheid (Ouders) | CI1: gebruik (Kind-middelen) | CJ1: gebruik (Ouders) | CK1: gedistribueerd (Ouders) | CL1: proces koppeling (Kind-middelen) | CM1: Kind-middelen | CN1: Ouders | CO1: APM (Ouders)
A2: Applicatie | B2: APP-QualityStudent | D2: 45032.436 | E2: 45922.535 | F2: Verwijderd | G2: B10 Maatschappelijke Ontwikkeling | H2: B10 MOW Leiding & Ondersteuning 1 | I2: B10 Maatschappelijke Ontwikkeling | J2: letter.achternaam@gemeente.nl | K2: Afdelingshoofd | L2: 612345678 | M2: ICT AB Test1234 | N2: FALSE | O2: letter.achternaam@gemeente.nl | P2: https://wiki.gemeente.nl/letter/meerletters | Q2: Achternaam, Voornaam | S2: 123456 | T2: Omschrijving met langere tekst | U2: letter.achternaam@gemeente.nl | V2: Achternaam, Voornaam | W2: 0612345678 | AB2: 1198 | AC2: Onvoldoende | AI2: Onbekend | AJ2: Ja | AO2: FALSE | AP2: Achternaam, Voornaam | AQ2: Achternaam, Voornaam | AR2: Voldoende flexibel | AS2: Nee | AT2: Tevreden | AW2: Preferent | BA2: Fabrikant2 | BB2: Naam123 | BE2: Registratie | BF2: 2 Hoog (merkbare impact veel gebruikers, negatieve reacties buiten organisatie) | BL2: Opmerkingen met wat langere tekst 123 test 321 | BM2: 123457 | BO2: FALSE | BP2: Verwijderd

Sheet Gearchiveerde Applicaties
A1: Applicatiecomponent | B1: APPID | C1: Applicatie Code | D1: Applicatie Naam | E1: Roepnaam | F1: Applicatie Status | G1: Bron | H1: Datum Interface | I1: Datum wijziging
A2: =RIGHT('Invoer gearchiveerde appl'!B2,LEN('Invoer gearchiveerde appl'!B2)-4) -> QualityStudent | B2: =_xlfn.NUMBERVALUE('Invoer gearchiveerde appl'!AB2) -> 1198 | C2: ='Invoer gearchiveerde appl'!B2 -> APP-QualityStudent | D2: ='Invoer gearchiveerde appl'!BB2 -> Naam123 | E2: ='Invoer gearchiveerde appl'!AA2 | F2: ='Invoer gearchiveerde appl'!BP2 -> Verwijderd | G2: TOPdesk | H2: =TODAY() -> 46296 | I2: ='Invoer gearchiveerde appl'!E2 -> 45922.535

Sheet Relatie APP oplosgroepen
A1: Bedieningsrelatie | B1: Applicatiecomponent
A2: Bedrijfsactor | B2: {=TRANSPOSE('Beheerde Applicaties CMDB'!A2:A1039)} -> test123 | C2: 0 | D2: 0 | E2: 0 | F2: 0 | G2: 0 | H2: 0 | I2: 0 | J2: 0 | K2: 0 | L2: 0 | M2: 0 | N2: 0 | O2: 0 | P2: 0 | Q2: 0 | R2: 0 | S2: 0 | T2: 0 | U2: 0 | V2: 0 | W2: 0 | X2: 0 | Y2: 0 | Z2: 0 | AA2: 0 | AB2: 0 | AC2: 0 | AD2: 0 | AE2: 0 | AF2: 0 | AG2: 0 | AH2: 0 | AI2: 0 | AJ2: 0 | AK2: 0 | AL2: 0 | AM2: 0 | AN2: 0 | AO2: 0 | AP2: 0 | AQ2: 0 | AR2: 0 | AS2: 0 | AT2: 0 | AU2: 0 | AV2: 0 | AW2: 0 | AX2: 0 | AY2: 0 | AZ2: 0 | BA2: 0 | BB2: 0 | BC2: 0 | BD2: 0 | BE2: 0 | BF2: 0 | BG2: 0 | BH2: 0 | BI2: 0 | BJ2: 0 | BK2: 0 | BL2: 0 | BM2: 0 | BN2: 0 | BO2: 0 | BP2: 0 | BQ2: 0 | BR2: 0 | BS2: 0 | BT2: 0 | BU2: 0 | BV2: 0 | BW2: 0 | BX2: 0 | BY2: 0 | BZ2: 0 | CA2: 0 | CB2: 0 | CC2: 0 | CD2: 0 | CE2: 0 | CF2: 0 | CG2: 0 | CH2: 0 | CI2: 0 | CJ2: 0 | CK2: 0 | CL2: 0 | CM2: 0 | CN2: 0 | CO2: 0 | CP2: 0 | CQ2: 0 | CR2: 0 | CS2: 0 | CT2: 0 | CU2: 0 | CV2: 0 | CW2: 0 | CX2: 0 | CY2: 0 | CZ2: 0 | DA2: 0 | DB2: 0 | DC2: 0 | DD2: 0 | DE2: 0 | DF2: 0 | DG2: 0 | DH2: 0 | DI2: 0 | DJ2: 0 | DK2: 0 | DL2: 0 | DM2: 0 | DN2: 0 | DO2: 0 | DP2: 0 | DQ2: 0 | DR2: 0 | DS2: 0 | DT2: 0 | DU2: 0 | DV2: 0 | DW2: 0 | DX2: 0 | DY2: 0 | DZ2: 0 | EA2: 0 | EB2: 0 | EC2: 0 | ED2: 0 | EE2: 0 | EF2: 0 | EG2: 0 | EH2: 0 | EI2: 0 | EJ2: 0 | EK2: 0 | EL2: 0 | EM2: 0 | EN2: 0 | EO2: 0 | EP2: 0 | EQ2: 0 | ER2: 0 | ES2: 0 | ET2: 0 | EU2: 0 | EV2: 0 | EW2: 0 | EX2: 0 | EY2: 0 | EZ2: 0 | FA2: 0 | FB2: 0 | FC2: 0 | FD2: 0 | FE2: 0 | FF2: 0 | FG2: 0 | FH2: 0 | FI2: 0 | FJ2: 0 | FK2: 0 | FL2: 0 | FM2: 0 | FN2: 0 | FO2: 0 | FP2: 0 | FQ2: 0 | FR2: 0 | FS2: 0 | FT2: 0 | FU2: 0 | FV2: 0 | FW2: 0 | FX2: 0 | FY2: 0 | FZ2: 0 | GA2: 0 | GB2: 0 | GC2: 0 | GD2: 0 | GE2: 0 | GF2: 0 | GG2: 0 | GH2: 0 | GI2: 0 | GJ2: 0 | GK2: 0 | GL2: 0 | GM2: 0 | GN2: 0 | GO2: 0 | GP2: 0 | GQ2: 0 | GR2: 0 | GS2: 0 | GT2: 0 | GU2: 0 | GV2: 0 | GW2: 0 | GX2: 0 | GY2: 0 | GZ2: 0 | HA2: 0 | HB2: 0 | HC2: 0 | HD2: 0 | HE2: 0 | HF2: 0 | HG2: 0 | HH2: 0 | HI2: 0 | HJ2: 0 | HK2: 0 | HL2: 0 | HM2: 0 | HN2: 0 | HO2: 0 | HP2: 0 | HQ2: 0 | HR2: 0 | HS2: 0 | HT2: 0 | HU2: 0 | HV2: 0 | HW2: 0 | HX2: 0 | HY2: 0 | HZ2: 0 | IA2: 0 | IB2: 0 | IC2: 0 | ID2: 0 | IE2: 0 | IF2: 0 | IG2: 0 | IH2: 0 | II2: 0 | IJ2: 0 | IK2: 0 | IL2: 0 | IM2: 0 | IN2: 0 | IO2: 0 | IP2: 0 | IQ2: 0 | IR2: 0 | IS2: 0 | IT2: 0 | IU2: 0 | IV2: 0 | IW2: 0 | IX2: 0 | IY2: 0 | IZ2: 0 | JA2: 0 | JB2: 0 | JC2: 0 | JD2: 0 | JE2: 0 | JF2: 0 | JG2: 0 | JH2: 0 | JI2: 0 | JJ2: 0 | JK2: 0 | JL2: 0 | JM2: 0 | JN2: 0 | JO2: 0 | JP2: 0 | JQ2: 0 | JR2: 0 | JS2: 0 | JT2: 0 | JU2: 0 | JV2: 0 | JW2: 0 | JX2: 0 | JY2: 0 | JZ2: 0 | KA2: 0 | KB2: 0 | KC2: 0 | KD2: 0 | KE2: 0 | KF2: 0 | KG2: 0 | KH2: 0 | KI2: 0 | KJ2: 0 | KK2: 0 | KL2: 0 | KM2: 0 | KN2: 0 | KO2: 0 | KP2: 0 | KQ2: 0 | KR2: 0 | KS2: 0 | KT2: 0 | KU2: 0 | KV2: 0 | KW2: 0 | KX2: 0 | KY2: 0 | KZ2: 0 | LA2: 0 | LB2: 0 | LC2: 0 | LD2: 0 | LE2: 0 | LF2: 0 | LG2: 0 | LH2: 0 | LI2: 0 | LJ2: 0 | LK2: 0 | LL2: 0 | LM2: 0 | LN2: 0 | LO2: 0 | LP2: 0 | LQ2: 0 | LR2: 0 | LS2: 0 | LT2: 0 | LU2: 0 | LV2: 0 | LW2: 0 | LX2: 0 | LY2: 0 | LZ2: 0 | MA2: 0 | MB2: 0 | MC2: 0 | MD2: 0 | ME2: 0 | MF2: 0 | MG2: 0 | MH2: 0 | MI2: 0 | MJ2: 0 | MK2: 0 | ML2: 0 | MM2: 0 | MN2: 0 | MO2: 0 | MP2: 0 | MQ2: 0 | MR2: 0 | MS2: 0 | MT2: 0 | MU2: 0 | MV2: 0 | MW2: 0 | MX2: 0 | MY2: 0 | MZ2: 0 | NA2: 0 | NB2: 0 | NC2: 0 | ND2: 0 | NE2: 0 | NF2: 0 | NG2: 0 | NH2: 0 | NI2: 0 | NJ2: 0 | NK2: 0 | NL2: 0 | NM2: 0 | NN2: 0 | NO2: 0 | NP2: 0 | NQ2: 0 | NR2: 0 | NS2: 0 | NT2: 0 | NU2: 0 | NV2: 0 | NW2: 0 | NX2: 0 | NY2: 0 | NZ2: 0 | OA2: 0 | OB2: 0 | OC2: 0 | OD2: 0 | OE2: 0 | OF2: 0 | OG2: 0 | OH2: 0 | OI2: 0 | OJ2: 0 | OK2: 0 | OL2: 0 | OM2: 0 | ON2: 0 | OO2: 0 | OP2: 0 | OQ2: 0 | OR2: 0 | OS2: 0 | OT2: 0 | OU2: 0 | OV2: 0 | OW2: 0 | OX2: 0 | OY2: 0 | OZ2: 0 | PA2: 0 | PB2: 0 | PC2: 0 | PD2: 0 | PE2: 0 | PF2: 0 | PG2: 0 | PH2: 0 | PI2: 0 | PJ2: 0 | PK2: 0 | PL2: 0 | PM2: 0 | PN2: 0 | PO2: 0 | PP2: 0 | PQ2: 0 | PR2: 0 | PS2: 0 | PT2: 0 | PU2: 0 | PV2: 0 | PW2: 0 | PX2: 0 | PY2: 0 | PZ2: 0 | QA2: 0 | QB2: 0 | QC2: 0 | QD2: 0 | QE2: 0 | QF2: 0 | QG2: 0 | QH2: 0 | QI2: 0 | QJ2: 0 | QK2: 0 | QL2: 0 | QM2: 0 | QN2: 0 | QO2: 0 | QP2: 0 | QQ2: 0 | QR2: 0 | QS2: 0 | QT2: 0 | QU2: 0 | QV2: 0 | QW2: 0 | QX2: 0 | QY2: 0 | QZ2: 0 | RA2: 0 | RB2: 0 | RC2: 0 | RD2: 0 | RE2: 0 | RF2: 0 | RG2: 0 | RH2: 0 | RI2: 0 | RJ2: 0 | RK2: 0 | RL2: 0 | RM2: 0 | RN2: 0 | RO2: 0 | RP2: 0 | RQ2: 0 | RR2: 0 | RS2: 0 | RT2: 0 | RU2: 0 | RV2: 0 | RW2: 0 | RX2: 0 | RY2: 0 | RZ2: 0 | SA2: 0 | SB2: 0 | SC2: 0 | SD2: 0 | SE2: 0 | SF2: 0 | SG2: 0 | SH2: 0 | SI2: 0 | SJ2: 0 | SK2: 0 | SL2: 0 | SM2: 0 | SN2: 0 | SO2: 0 | SP2: 0 | SQ2: 0 | SR2: 0 | SS2: 0 | ST2: 0 | SU2: 0 | SV2: 0 | SW2: 0 | SX2: 0 | SY2: 0 | SZ2: 0 | TA2: 0 | TB2: 0 | TC2: 0 | TD2: 0 | TE2: 0 | TF2: 0 | TG2: 0 | TH2: 0 | TI2: 0 | TJ2: 0 | TK2: 0 | TL2: 0 | TM2: 0 | TN2: 0 | TO2: 0 | TP2: 0 | TQ2: 0 | TR2: 0 | TS2: 0 | TT2: 0 | TU2: 0 | TV2: 0 | TW2: 0 | TX2: 0 | TY2: 0 | TZ2: 0 | UA2: 0 | UB2: 0 | UC2: 0 | UD2: 0 | UE2: 0 | UF2: 0 | UG2: 0 | UH2: 0 | UI2: 0 | UJ2: 0 | UK2: 0 | UL2: 0 | UM2: 0 | UN2: 0 | UO2: 0 | UP2: 0 | UQ2: 0 | UR2: 0 | US2: 0 | UT2: 0 | UU2: 0 | UV2: 0 | UW2: 0 | UX2: 0 | UY2: 0 | UZ2: 0 | VA2: 0 | VB2: 0 | VC2: 0 | VD2: 0 | VE2: 0 | VF2: 0 | VG2: 0 | VH2: 0 | VI2: 0 | VJ2: 0 | VK2: 0 | VL2: 0 | VM2: 0 | VN2: 0 | VO2: 0 | VP2: 0 | VQ2: 0 | VR2: 0 | VS2: 0 | VT2: 0 | VU2: 0 | VV2: 0 | VW2: 0 | VX2: 0 | VY2: 0 | VZ2: 0 | WA2: 0 | WB2: 0 | WC2: 0 | WD2: 0 | WE2: 0 | WF2: 0 | WG2: 0 | WH2: 0 | WI2: 0 | WJ2: 0 | WK2: 0 | WL2: 0 | WM2: 0 | WN2: 0 | WO2: 0 | WP2: 0 | WQ2: 0 | WR2: 0 | WS2: 0 | WT2: 0 | WU2: 0 | WV2: 0 | WW2: 0 | WX2: 0 | WY2: 0 | WZ2: 0 | XA2: 0 | XB2: 0 | XC2: 0 | XD2: 0 | XE2: 0 | XF2: 0 | XG2: 0 | XH2: 0 | XI2: 0 | XJ2: 0 | XK2: 0 | XL2: 0 | XM2: 0 | XN2: 0 | XO2: 0 | XP2: 0 | XQ2: 0 | XR2: 0 | XS2: 0 | XT2: 0 | XU2: 0 | XV2: 0 | XW2: 0 | XX2: 0 | XY2: 0 | XZ2: 0 | YA2: 0 | YB2: 0 | YC2: 0 | YD2: 0 | YE2: 0 | YF2: 0 | YG2: 0 | YH2: 0 | YI2: 0 | YJ2: 0 | YK2: 0 | YL2: 0 | YM2: 0 | YN2: 0 | YO2: 0 | YP2: 0 | YQ2: 0 | YR2: 0 | YS2: 0 | YT2: 0 | YU2: 0 | YV2: 0 | YW2: 0 | YX2: 0 | YY2: 0 | YZ2: 0 | ZA2: 0 | ZB2: 0 | ZC2: 0 | ZD2: 0 | ZE2: 0 | ZF2: 0 | ZG2: 0 | ZH2: 0 | ZI2: 0 | ZJ2: 0 | ZK2: 0 | ZL2: 0 | ZM2: 0 | ZN2: 0 | ZO2: 0 | ZP2: 0 | ZQ2: 0 | ZR2: 0 | ZS2: 0 | ZT2: 0 | ZU2: 0 | ZV2: 0 | ZW2: 0 | ZX2: 0 | ZY2: 0 | ZZ2: 0 | AAA2: 0 | AAB2: 0 | AAC2: 0 | AAD2: 0 | AAE2: 0 | AAF2: 0 | AAG2: 0 | AAH2: 0 | AAI2: 0 | AAJ2: 0 | AAK2: 0 | AAL2: 0 | AAM2: 0 | AAN2: 0 | AAO2: 0 | AAP2: 0 | AAQ2: 0 | AAR2: 0 | AAS2: 0 | AAT2: 0 | AAU2: 0 | AAV2: 0 | AAW2: 0 | AAX2: 0 | AAY2: 0 | AAZ2: 0 | ABA2: 0 | ABB2: 0 | ABC2: 0 | ABD2: 0 | ABE2: 0 | ABF2: 0 | ABG2: 0 | ABH2: 0 | ABI2: 0 | ABJ2: 0 | ABK2: 0 | ABL2: 0 | ABM2: 0 | ABN2: 0 | ABO2: 0 | ABP2: 0 | ABQ2: 0 | ABR2: 0 | ABS2: 0 | ABT2: 0 | ABU2: 0 | ABV2: 0 | ABW2: 0 | ABX2: 0 | ABY2: 0 | ABZ2: 0 | ACA2: 0 | ACB2: 0 | ACC2: 0 | ACD2: 0 | ACE2: 0 | ACF2: 0 | ACG2: 0 | ACH2: 0 | ACI2: 0 | ACJ2: 0 | ACK2: 0 | ACL2: 0 | ACM2: 0 | ACN2: 0 | ACO2: 0 | ACP2: 0 | ACQ2: 0 | ACR2: 0 | ACS2: 0 | ACT2: 0 | ACU2: 0 | ACV2: 0 | ACW2: 0 | ACX2: 0 | ACY2: 0 | ACZ2: 0 | ADA2: 0 | ADB2: 0 | ADC2: 0 | ADD2: 0 | ADE2: 0 | ADF2: 0 | ADG2: 0 | ADH2: 0 | ADI2: 0 | ADJ2: 0 | ADK2: 0 | ADL2: 0 | ADM2: 0 | ADN2: 0 | ADO2: 0 | ADP2: 0 | ADQ2: 0 | ADR2: 0 | ADS2: 0 | ADT2: 0 | ADU2: 0 | ADV2: 0 | ADW2: 0 | ADX2: 0 | ADY2: 0 | ADZ2: 0 | AEA2: 0 | AEB2: 0 | AEC2: 0 | AED2: 0 | AEE2: 0 | AEF2: 0 | AEG2: 0 | AEH2: 0 | AEI2: 0 | AEJ2: 0 | AEK2: 0 | AEL2: 0 | AEM2: 0 | AEN2: 0 | AEO2: 0 | AEP2: 0 | AEQ2: 0 | AER2: 0 | AES2: 0 | AET2: 0 | AEU2: 0 | AEV2: 0 | AEW2: 0 | AEX2: 0 | AEY2: 0 | AEZ2: 0 | AFA2: 0 | AFB2: 0 | AFC2: 0 | AFD2: 0 | AFE2: 0 | AFF2: 0 | AFG2: 0 | AFH2: 0 | AFI2: 0 | AFJ2: 0 | AFK2: 0 | AFL2: 0 | AFM2: 0 | AFN2: 0 | AFO2: 0 | AFP2: 0 | AFQ2: 0 | AFR2: 0 | AFS2: 0 | AFT2: 0 | AFU2: 0 | AFV2: 0 | AFW2: 0 | AFX2: 0 | AFY2: 0 | AFZ2: 0 | AGA2: 0 | AGB2: 0 | AGC2: 0 | AGD2: 0 | AGE2: 0 | AGF2: 0 | AGG2: 0 | AGH2: 0 | AGI2: 0 | AGJ2: 0 | AGK2: 0 | AGL2: 0 | AGM2: 0 | AGN2: 0 | AGO2: 0 | AGP2: 0 | AGQ2: 0 | AGR2: 0 | AGS2: 0 | AGT2: 0 | AGU2: 0 | AGV2: 0 | AGW2: 0 | AGX2: 0 | AGY2: 0 | AGZ2: 0 | AHA2: 0 | AHB2: 0 | AHC2: 0 | AHD2: 0 | AHE2: 0 | AHF2: 0 | AHG2: 0 | AHH2: 0 | AHI2: 0 | AHJ2: 0 | AHK2: 0 | AHL2: 0 | AHM2: 0 | AHN2: 0 | AHO2: 0 | AHP2: 0 | AHQ2: 0 | AHR2: 0 | AHS2: 0 | AHT2: 0 | AHU2: 0 | AHV2: 0 | AHW2: 0 | AHX2: 0 | AHY2: 0 | AHZ2: 0 | AIA2: 0 | AIB2: 0 | AIC2: 0 | AID2: 0 | AIE2: 0 | AIF2: 0 | AIG2: 0 | AIH2: 0 | AII2: 0 | AIJ2: 0 | AIK2: 0 | AIL2: 0 | AIM2: 0 | AIN2: 0 | AIO2: 0 | AIP2: 0 | AIQ2: 0 | AIR2: 0 | AIS2: 0 | AIT2: 0 | AIU2: 0 | AIV2: 0 | AIW2: 0 | AIX2: 0 | AIY2: 0 | AIZ2: 0 | AJA2: 0 | AJB2: 0 | AJC2: 0 | AJD2: 0 | AJE2: 0 | AJF2: 0 | AJG2: 0 | AJH2: 0 | AJI2: 0 | AJJ2: 0 | AJK2: 0 | AJL2: 0 | AJM2: 0 | AJN2: 0 | AJO2: 0 | AJP2: 0 | AJQ2: 0 | AJR2: 0 | AJS2: 0 | AJT2: 0 | AJU2: 0 | AJV2: 0 | AJW2: 0 | AJX2: 0 | AJY2: 0 | AJZ2: 0 | AKA2: 0 | AKB2: 0 | AKC2: 0 | AKD2: 0 | AKE2: 0 | AKF2: 0 | AKG2: 0 | AKH2: 0 | AKI2: 0 | AKJ2: 0 | AKK2: 0 | AKL2: 0 | AKM2: 0 | AKN2: 0 | AKO2: 0 | AKP2: 0 | AKQ2: 0 | AKR2: 0 | AKS2: 0 | AKT2: 0 | AKU2: 0 | AKV2: 0 | AKW2: 0 | AKX2: 0 | AKY2: 0 | AKZ2: 0 | ALA2: 0 | ALB2: 0 | ALC2: 0 | ALD2: 0 | ALE2: 0 | ALF2: 0 | ALG2: 0 | ALH2: 0 | ALI2: 0 | ALJ2: 0 | ALK2: 0 | ALL2: 0 | ALM2: 0 | ALN2: 0 | ALO2: 0 | ALP2: 0 | ALQ2: 0 | ALR2: 0 | ALS2: 0 | ALT2: 0 | ALU2: 0 | ALV2: 0 | ALW2: 0 | ALX2: 0 | ALY2: 0 | ALZ2: 0 | AMA2: 0 | AMB2: 0 | AMC2: 0 | AMD2: 0 | AME2: 0 | AMF2: 0 | AMG2: 0 | AMH2: 0 | AMI2: 0 | AMJ2: 0 | AMK2: 0 | AML2: 0 | AMM2: 0 | AMN2: 0 | AMO2: 0 | AMP2: 0 | AMQ2: 0 | AMR2: 0 | AMS2: 0 | AMT2: 0 | AMU2: 0 | AMV2: 0 | AMW2: 0 | AMX2: 0 | AMY2: 0
A3: AC Liquide middelen | B3: x

Sheet Behandelgroepen
A1: Behandelaarsgroep | B1: Naam | C1: Bron | D1: Datum interface
A2: AC Liquide middelen | B2: =A2 -> AC Liquide middelen | C2: Topdesk | D2: =TODAY() -> 46296

Sheet Blad3
A1: Behandelgroep | F1: 49675 | G1: =DATEVALUE(F1) -> #VALUE! | P1: Achternaam, Voornaam
A2: AC Liquide middelen | P2: Achternaam, Voornaam

Sheet Origineel
B1: ICT Applicatienummer | C1: Middelen-ID | D1: Samenvatting | F1: ICT standaard voor functiegebied | G1: Status | H1: ICT TIME Classificatie | I1: ICT Applicatiesoort | J1: End-of-life Business | K1: |Asset eigenaar | L1: ICT Beschikbaarheid | M1: ICT Integriteit | N1: ICT vertrouwelijkheid | O1: ICT Applicatienut | P1: ICT Kwaliteit en betrouwbaarheid leveranciier | Q1: ICT Flexibiliteit | R1: ICT gebruikerstevredenheid | S1: ICT reputatie risisco | T1: End-of-life Fabrikant | U1: End-of-support Technisch | V1: ICT fabrikant | AA1: ICT Applicatienummer
A2: Applicatiecomponent | B2: APPID | C2: Applicatie Code | D2: Applicatie Naam | E2: Roepnaam | F2: Standaard | G2: Applicatie Status | H2: Classificatie | I2: Applicatiesoort | J2: End-of-Life Functioneel | K2: Eigenaar | L2: Beschikbaarheid | M2: Integriteit | N2: Vertrouwelijkheid | O2: Applicatienut | P2: Kwaliteit en betrouwbaarheid van Leverancier | Q2: Flexibiliteit | R2: Gebruikerstevredenheid | S2: Reputatie risico | T2: End-of-life Technisch | U2: End-of-support Technisch | V2: Vendor⚡ | W2: Nickname | X2: On-premiss | Y2: Top5 | Z2: COTS | AA2: Applicatie Nummer
A3: G4net | B3: 1 | C3: APP-G4net | D3: Pronexus G4net | F3: FALSE | G3: In productie | H3: Tolereren | J3: 73050 | K3: B10 Maatschappelijke Ontwikkeling | L3: Nodig | M3: Hoog | N3: Vertrouwelijk | O3: Goed | P3: Preferent | Q3: Voldoende flexibel | R3: Zeer tevreden | S3: Laag | T3: 73050 | U3: 73050 | X3: TRUE | Y3: Nee | Z3: Ja | AA3: 10000000001
